path,label
Dataset\investor\rever_phu-my-thuan_0.jpg,"[1, 0, 0, 0]"
Dataset\others\10215375959772007.jpeg,"[0, 1, 0, 0]"
Dataset\project\duanbatdongsan_pj5388_8.jpg,"[0, 0, 0, 1]"
Dataset\post\123nhadat_4321333_0.jpg,"[0, 0, 1, 0]"
Dataset\investor\rever_keppel-land_0.jpg,"[1, 0, 0, 0]"
Dataset\project\duanbatdongsan_pj5384_6.jpg,"[0, 0, 0, 1]"
Dataset\others\976413695796986.jpeg,"[0, 1, 0, 0]"
Dataset\investor\rever_dau-tu-xay-dung-tan-binh_0.jpg,"[1, 0, 0, 0]"
Dataset\project\duanbatdongsan_pj5376_0.jpg,"[0, 0, 0, 1]"
Dataset\others\3744236398568.jpeg,"[0, 1, 0, 0]"
Dataset\others\10205797313866149.jpeg,"[0, 1, 0, 0]"
Dataset\investor\rever_hasco_0.jpg,"[1, 0, 0, 0]"
Dataset\post\123nhadat_4312605_0.jpg,"[0, 0, 1, 0]"
Dataset\investor\rever_hung-viet_0.jpg,"[1, 0, 0, 0]"
Dataset\project\duanbatdongsan_pj5374_2.jpg,"[0, 0, 0, 1]"
Dataset\project\duanbatdongsan_pj5387_0.jpg,"[0, 0, 0, 1]"
Dataset\others\808614629243561.jpeg,"[0, 1, 0, 0]"
Dataset\others\992738230847074.jpeg,"[0, 1, 0, 0]"
Dataset\investor\rever_dia-oc-8_0.jpg,"[1, 0, 0, 0]"
Dataset\post\123nhadat_4320182_8.jpg,"[0, 0, 1, 0]"
Dataset\others\10215496758071410.jpeg,"[0, 1, 0, 0]"
Dataset\project\duanbatdongsan_pj5372_0.jpg,"[0, 0, 0, 1]"
Dataset\others\3744253879005.jpeg,"[0, 1, 0, 0]"
Dataset\project\duanbatdongsan_pj5384_4.jpg,"[0, 0, 0, 1]"
Dataset\project\duanbatdongsan_pj5389_7.jpg,"[0, 0, 0, 1]"
Dataset\others\10157137920885883.jpeg,"[0, 1, 0, 0]"
Dataset\post\123nhadat_4322365_4.jpg,"[0, 0, 1, 0]"
Dataset\others\4083522080498.jpeg,"[0, 1, 0, 0]"
Dataset\others\10160908477070397.jpeg,"[0, 1, 0, 0]"
Dataset\investor\rever_khai-hoan-land_0.jpg,"[1, 0, 0, 0]"
Dataset\post\123nhadat_4321799_2.jpg,"[0, 0, 1, 0]"
Dataset\investor\rever_resco-2_0.jpg,"[1, 0, 0, 0]"
Dataset\investor\rever_cty-co-phan-thanh-nien_0.jpg,"[1, 0, 0, 0]"
Dataset\project\duanbatdongsan_pj5395_4.jpg,"[0, 0, 0, 1]"
Dataset\others\10153211477782429.jpeg,"[0, 1, 0, 0]"
Dataset\post\123nhadat_4322349_0.jpg,"[0, 0, 1, 0]"
Dataset\others\10151296693060397.jpeg,"[0, 1, 0, 0]"
Dataset\others\10200850193391229.jpeg,"[0, 1, 0, 0]"
Dataset\investor\rever_incomex-saigon_0.jpg,"[1, 0, 0, 0]"
Dataset\others\903575949747428.jpeg,"[0, 1, 0, 0]"
Dataset\others\274971635396.jpeg,"[0, 1, 0, 0]"
Dataset\others\829170780521279.jpeg,"[0, 1, 0, 0]"
Dataset\post\123nhadat_4320129_10.jpg,"[0, 0, 1, 0]"
Dataset\others\10209629986645791.jpeg,"[0, 1, 0, 0]"
Dataset\project\duanbatdongsan_pj5382_3.jpg,"[0, 0, 0, 1]"
Dataset\investor\rever_invesco_0.jpg,"[1, 0, 0, 0]"
Dataset\project\duanbatdongsan_pj5383_4.jpg,"[0, 0, 0, 1]"
Dataset\project\duanbatdongsan_pj5371_2.jpg,"[0, 0, 0, 1]"
Dataset\others\10205797312266109.jpeg,"[0, 1, 0, 0]"
Dataset\post\123nhadat_4316308_3.jpg,"[0, 0, 1, 0]"
Dataset\investor\rever_song-da-thang-long_0.jpg,"[1, 0, 0, 0]"
Dataset\others\1084531721651849.jpeg,"[0, 1, 0, 0]"
Dataset\project\duanbatdongsan_pj5389_9.jpg,"[0, 0, 0, 1]"
Dataset\project\duanbatdongsan_pj5394_7.jpg,"[0, 0, 0, 1]"
Dataset\investor\rever_vingroup_0.jpg,"[1, 0, 0, 0]"
Dataset\post\123nhadat_4322340_0.jpg,"[0, 0, 1, 0]"
Dataset\others\10214264871363493.jpeg,"[0, 1, 0, 0]"
Dataset\others\10153211463847429.jpeg,"[0, 1, 0, 0]"
Dataset\post\123nhadat_4316535_3.jpg,"[0, 0, 1, 0]"
Dataset\post\123nhadat_4322343_0.jpg,"[0, 0, 1, 0]"
Dataset\post\123nhadat_4322362_0.jpg,"[0, 0, 1, 0]"
Dataset\project\duanbatdongsan_pj5380_4.jpg,"[0, 0, 0, 1]"
Dataset\others\10211387003024311.jpeg,"[0, 1, 0, 0]"
Dataset\post\123nhadat_4320247_1.jpg,"[0, 0, 1, 0]"
Dataset\others\10216515618062273.jpeg,"[0, 1, 0, 0]"
Dataset\project\duanbatdongsan_pj5398_2.jpg,"[0, 0, 0, 1]"
Dataset\post\123nhadat_4313490_4.jpg,"[0, 0, 1, 0]"
Dataset\investor\rever_vinh-tien-land_0.jpg,"[1, 0, 0, 0]"
Dataset\project\duanbatdongsan_pj5386_1.jpg,"[0, 0, 0, 1]"
Dataset\post\123nhadat_4320182_2.jpg,"[0, 0, 1, 0]"
Dataset\others\10159781942390397.jpeg,"[0, 1, 0, 0]"
Dataset\post\123nhadat_4320211_3.jpg,"[0, 0, 1, 0]"
Dataset\others\10216437301544409.jpeg,"[0, 1, 0, 0]"
Dataset\others\10210769670817183.jpeg,"[0, 1, 0, 0]"
Dataset\others\2025203087584703.jpeg,"[0, 1, 0, 0]"
Dataset\project\duanbatdongsan_pj5398_3.jpg,"[0, 0, 0, 1]"
Dataset\post\123nhadat_4322216_7.jpg,"[0, 0, 1, 0]"
Dataset\others\10218341226381340.jpeg,"[0, 1, 0, 0]"
Dataset\post\123nhadat_4313058_0.jpg,"[0, 0, 1, 0]"
Dataset\others\10216883598261548.jpeg,"[0, 1, 0, 0]"
Dataset\investor\rever_sai-gon-vina_0.jpg,"[1, 0, 0, 0]"
Dataset\post\123nhadat_4322216_11.jpg,"[0, 0, 1, 0]"
Dataset\others\10200291825992393.jpeg,"[0, 1, 0, 0]"
Dataset\project\duanbatdongsan_pj5389_11.jpg,"[0, 0, 0, 1]"
Dataset\investor\rever_tecco_0.jpg,"[1, 0, 0, 0]"
Dataset\project\duanbatdongsan_pj5394_2.jpg,"[0, 0, 0, 1]"
Dataset\others\10101453260755593.jpeg,"[0, 1, 0, 0]"
Dataset\post\123nhadat_4321557_0.jpg,"[0, 0, 1, 0]"
Dataset\others\10205797359147281.jpeg,"[0, 1, 0, 0]"
Dataset\investor\rever_gs-sd-han-quoc_0.jpg,"[1, 0, 0, 0]"
Dataset\project\duanbatdongsan_pj5373_3.jpg,"[0, 0, 0, 1]"
Dataset\others\10218407471917437.jpeg,"[0, 1, 0, 0]"
Dataset\investor\rever_126_0.jpg,"[1, 0, 0, 0]"
Dataset\post\123nhadat_4322345_4.jpg,"[0, 0, 1, 0]"
Dataset\others\10200134521739885.jpeg,"[0, 1, 0, 0]"
Dataset\others\10104214126129253.jpeg,"[0, 1, 0, 0]"
Dataset\project\duanbatdongsan_pj5387_3.jpg,"[0, 0, 0, 1]"
Dataset\others\951649591606730.jpeg,"[0, 1, 0, 0]"
Dataset\others\1029924760445879.jpeg,"[0, 1, 0, 0]"
Dataset\project\duanbatdongsan_pj5377_3.jpg,"[0, 0, 0, 1]"
Dataset\others\307361089276689.jpeg,"[0, 1, 0, 0]"
Dataset\investor\rever_phu-my-hung-4_0.jpg,"[1, 0, 0, 0]"
Dataset\post\123nhadat_4320403_0.jpg,"[0, 0, 1, 0]"
Dataset\others\1016558018449220.jpeg,"[0, 1, 0, 0]"
Dataset\post\123nhadat_4322134_2.jpg,"[0, 0, 1, 0]"
Dataset\investor\rever_tap-doan-hoa-lam_0.jpg,"[1, 0, 0, 0]"
Dataset\others\10200850154070246.jpeg,"[0, 1, 0, 0]"
Dataset\post\123nhadat_4320973_2.jpg,"[0, 0, 1, 0]"
Dataset\investor\rever_hoang-phuc-land_0.jpg,"[1, 0, 0, 0]"
Dataset\investor\rever_dream-house-drh_0.jpg,"[1, 0, 0, 0]"
Dataset\project\duanbatdongsan_pj5385_3.jpg,"[0, 0, 0, 1]"
Dataset\investor\rever_hoang-quan-group_0.jpg,"[1, 0, 0, 0]"
Dataset\others\1065041256934229.jpeg,"[0, 1, 0, 0]"
Dataset\others\1889637707807909.jpeg,"[0, 1, 0, 0]"
Dataset\post\123nhadat_4322348_3.jpg,"[0, 0, 1, 0]"
Dataset\project\duanbatdongsan_pj5373_4.jpg,"[0, 0, 0, 1]"
Dataset\post\123nhadat_4322216_1.jpg,"[0, 0, 1, 0]"
Dataset\investor\rever_dong-me-kong_0.jpg,"[1, 0, 0, 0]"
Dataset\post\123nhadat_4314370_0.jpg,"[0, 0, 1, 0]"
Dataset\post\123nhadat_4321799_6.jpg,"[0, 0, 1, 0]"
Dataset\post\123nhadat_4322315_1.jpg,"[0, 0, 1, 0]"
Dataset\project\duanbatdongsan_pj5399_4.jpg,"[0, 0, 0, 1]"
Dataset\post\123nhadat_4320973_0.jpg,"[0, 0, 1, 0]"
Dataset\project\duanbatdongsan_pj5388_4.jpg,"[0, 0, 0, 1]"
Dataset\investor\rever_kusto_0.jpg,"[1, 0, 0, 0]"
Dataset\post\123nhadat_4322216_3.jpg,"[0, 0, 1, 0]"
Dataset\project\duanbatdongsan_pj5379_1.jpg,"[0, 0, 0, 1]"
Dataset\post\123nhadat_4320182_5.jpg,"[0, 0, 1, 0]"
Dataset\post\123nhadat_4321622_4.jpg,"[0, 0, 1, 0]"
Dataset\others\1038290386275983.jpeg,"[0, 1, 0, 0]"
Dataset\investor\rever_bia-sai-gon-sabetran_0.jpg,"[1, 0, 0, 0]"
Dataset\others\915443041894052.jpeg,"[0, 1, 0, 0]"
Dataset\others\4550444332689.jpeg,"[0, 1, 0, 0]"
Dataset\others\10153211471297429.jpeg,"[0, 1, 0, 0]"
Dataset\others\1247614565343563.jpeg,"[0, 1, 0, 0]"
Dataset\others\899886733465558.jpeg,"[0, 1, 0, 0]"
Dataset\others\1994538910651121.jpeg,"[0, 1, 0, 0]"
Dataset\others\563274510460117.jpeg,"[0, 1, 0, 0]"
Dataset\investor\rever_hop-tac-kinh-te-xnk-savimex_0.jpg,"[1, 0, 0, 0]"
Dataset\investor\rever_ezland-viet-nam_0.jpg,"[1, 0, 0, 0]"
Dataset\investor\rever_xay-dung-binh-chanh_0.jpg,"[1, 0, 0, 0]"
Dataset\others\10200300780816258.jpeg,"[0, 1, 0, 0]"
Dataset\post\123nhadat_4322348_4.jpg,"[0, 0, 1, 0]"
Dataset\others\757714427666915.jpeg,"[0, 1, 0, 0]"
Dataset\investor\rever_ree-corporation_0.jpg,"[1, 0, 0, 0]"
Dataset\others\10200850300073896.jpeg,"[0, 1, 0, 0]"
Dataset\others\1433260076779010.jpeg,"[0, 1, 0, 0]"
Dataset\investor\rever_kien-a_0.jpg,"[1, 0, 0, 0]"
Dataset\project\duanbatdongsan_pj5398_6.jpg,"[0, 0, 0, 1]"
Dataset\investor\rever_tnr-holdings_0.jpg,"[1, 0, 0, 0]"
Dataset\others\540852496019777.jpeg,"[0, 1, 0, 0]"
Dataset\investor\rever_hoabinhhouse_0.jpg,"[1, 0, 0, 0]"
Dataset\investor\rever_flc_0.jpg,"[1, 0, 0, 0]"
Dataset\others\10200850169910642.jpeg,"[0, 1, 0, 0]"
Dataset\others\10200201239047776.jpeg,"[0, 1, 0, 0]"
Dataset\others\10213069457310408.jpeg,"[0, 1, 0, 0]"
Dataset\post\123nhadat_4322134_3.jpg,"[0, 0, 1, 0]"
Dataset\investor\rever_alpha-king-viet-nam_0.jpg,"[1, 0, 0, 0]"
Dataset\others\10156256085005883.jpeg,"[0, 1, 0, 0]"
Dataset\post\123nhadat_4322050_3.jpg,"[0, 0, 1, 0]"
Dataset\project\duanbatdongsan_pj5383_0.jpg,"[0, 0, 0, 1]"
Dataset\investor\rever_dha-limited-company_0.jpg,"[1, 0, 0, 0]"
Dataset\post\123nhadat_4321675_3.jpg,"[0, 0, 1, 0]"
Dataset\project\duanbatdongsan_pj5389_2.jpg,"[0, 0, 0, 1]"
Dataset\project\duanbatdongsan_pj5387_1.jpg,"[0, 0, 0, 1]"
Dataset\post\123nhadat_4322017_2.jpg,"[0, 0, 1, 0]"
Dataset\investor\rever_truong-luu-thuy_0.jpg,"[1, 0, 0, 0]"
Dataset\others\10218417302883205.jpeg,"[0, 1, 0, 0]"
Dataset\others\1281397871965232.jpeg,"[0, 1, 0, 0]"
Dataset\investor\rever_quoc-cuong-gia-lai-group_0.jpg,"[1, 0, 0, 0]"
Dataset\post\123nhadat_4313058_3.jpg,"[0, 0, 1, 0]"
Dataset\post\123nhadat_4322010_0.jpg,"[0, 0, 1, 0]"
Dataset\post\123nhadat_4321622_1.jpg,"[0, 0, 1, 0]"
Dataset\project\duanbatdongsan_pj5395_3.jpg,"[0, 0, 0, 1]"
Dataset\post\123nhadat_4317672_0.jpg,"[0, 0, 1, 0]"
Dataset\project\duanbatdongsan_pj5390_3.jpg,"[0, 0, 0, 1]"
Dataset\others\10153211468802429.jpeg,"[0, 1, 0, 0]"
Dataset\others\653368078101551.jpeg,"[0, 1, 0, 0]"
Dataset\others\2146975018700622.jpeg,"[0, 1, 0, 0]"
Dataset\others\1317049001749327.jpeg,"[0, 1, 0, 0]"
Dataset\others\1045638262207862.jpeg,"[0, 1, 0, 0]"
Dataset\others\10200846619501884.jpeg,"[0, 1, 0, 0]"
Dataset\others\441055545396.jpeg,"[0, 1, 0, 0]"
Dataset\investor\rever_him-lam_0.jpg,"[1, 0, 0, 0]"
Dataset\others\10216951853522446.jpeg,"[0, 1, 0, 0]"
Dataset\project\duanbatdongsan_pj5388_10.jpg,"[0, 0, 0, 1]"
Dataset\investor\rever_hdtc_0.jpg,"[1, 0, 0, 0]"
Dataset\project\duanbatdongsan_pj5374_5.jpg,"[0, 0, 0, 1]"
Dataset\others\857024437735913.jpeg,"[0, 1, 0, 0]"
Dataset\others\3913748676269.jpeg,"[0, 1, 0, 0]"
Dataset\others\1797264033711944.jpeg,"[0, 1, 0, 0]"
Dataset\others\4177679422257121.jpeg,"[0, 1, 0, 0]"
Dataset\project\duanbatdongsan_pj5386_10.jpg,"[0, 0, 0, 1]"
Dataset\others\10200933103102850.jpeg,"[0, 1, 0, 0]"
Dataset\post\123nhadat_4316535_11.jpg,"[0, 0, 1, 0]"
Dataset\post\123nhadat_4314370_2.jpg,"[0, 0, 1, 0]"
Dataset\others\1098672190237802.jpeg,"[0, 1, 0, 0]"
Dataset\post\123nhadat_4321985_3.jpg,"[0, 0, 1, 0]"
Dataset\investor\rever_ha-tang-ky-thuat-cii_0.jpg,"[1, 0, 0, 0]"
Dataset\project\duanbatdongsan_pj5382_1.jpg,"[0, 0, 0, 1]"
Dataset\others\274971890396.jpeg,"[0, 1, 0, 0]"
Dataset\others\274975660396.jpeg,"[0, 1, 0, 0]"
Dataset\others\10150155333190397.jpeg,"[0, 1, 0, 0]"
Dataset\others\10206761158241433.jpeg,"[0, 1, 0, 0]"
Dataset\investor\rever_thaison-group_0.jpg,"[1, 0, 0, 0]"
Dataset\others\10205797375707695.jpeg,"[0, 1, 0, 0]"
Dataset\post\123nhadat_4313430_3.jpg,"[0, 0, 1, 0]"
Dataset\post\123nhadat_4321884_0.jpg,"[0, 0, 1, 0]"
Dataset\investor\rever_kinh-doanh-nha-tphcm_0.jpg,"[1, 0, 0, 0]"
Dataset\others\2025207830917562.jpeg,"[0, 1, 0, 0]"
Dataset\others\992723534181877.jpeg,"[0, 1, 0, 0]"
Dataset\others\10208727120787817.jpeg,"[0, 1, 0, 0]"
Dataset\post\123nhadat_4322340_2.jpg,"[0, 0, 1, 0]"
Dataset\others\10200846617861843.jpeg,"[0, 1, 0, 0]"
Dataset\investor\rever_cong-ty-cp-the-ky-21_0.jpg,"[1, 0, 0, 0]"
Dataset\project\duanbatdongsan_pj5396_3.jpg,"[0, 0, 0, 1]"
Dataset\project\duanbatdongsan_pj5388_9.jpg,"[0, 0, 0, 1]"
Dataset\project\duanbatdongsan_pj5393_1.jpg,"[0, 0, 0, 1]"
Dataset\project\duanbatdongsan_pj5380_7.jpg,"[0, 0, 0, 1]"
Dataset\investor\rever_thanh-yen-land_0.jpg,"[1, 0, 0, 0]"
Dataset\project\duanbatdongsan_pj5388_5.jpg,"[0, 0, 0, 1]"
Dataset\project\duanbatdongsan_pj5371_7.jpg,"[0, 0, 0, 1]"
Dataset\others\2079196955518649.jpeg,"[0, 1, 0, 0]"
Dataset\post\123nhadat_4310403_0.jpg,"[0, 0, 1, 0]"
Dataset\post\123nhadat_4314370_1.jpg,"[0, 0, 1, 0]"
Dataset\others\853338871453678.jpeg,"[0, 1, 0, 0]"
Dataset\project\duanbatdongsan_pj5398_4.jpg,"[0, 0, 0, 1]"
Dataset\post\123nhadat_4316535_5.jpg,"[0, 0, 1, 0]"
Dataset\post\123nhadat_4322343_4.jpg,"[0, 0, 1, 0]"
Dataset\post\123nhadat_4322366_4.jpg,"[0, 0, 1, 0]"
Dataset\project\duanbatdongsan_pj5370_4.jpg,"[0, 0, 0, 1]"
Dataset\others\10200767669048172.jpeg,"[0, 1, 0, 0]"
Dataset\project\duanbatdongsan_pj5377_9.jpg,"[0, 0, 0, 1]"
Dataset\project\duanbatdongsan_pj5387_9.jpg,"[0, 0, 0, 1]"
Dataset\project\duanbatdongsan_pj5383_3.jpg,"[0, 0, 0, 1]"
Dataset\post\123nhadat_4316308_5.jpg,"[0, 0, 1, 0]"
Dataset\post\123nhadat_4317672_2.jpg,"[0, 0, 1, 0]"
Dataset\project\duanbatdongsan_pj5400_2.jpg,"[0, 0, 0, 1]"
Dataset\investor\rever_cong-ty-cp-dau-tu-xd-tm-thai-binh-duong_0.jpg,"[1, 0, 0, 0]"
Dataset\post\123nhadat_4322287_3.jpg,"[0, 0, 1, 0]"
Dataset\investor\rever_frasers-property_0.jpg,"[1, 0, 0, 0]"
Dataset\investor\rever_khang-nam_0.jpg,"[1, 0, 0, 0]"
Dataset\post\123nhadat_4310483_1.jpg,"[0, 0, 1, 0]"
Dataset\project\duanbatdongsan_pj5381_1.jpg,"[0, 0, 0, 1]"
Dataset\others\1318023474985213.jpeg,"[0, 1, 0, 0]"
Dataset\post\123nhadat_4322342_2.jpg,"[0, 0, 1, 0]"
Dataset\others\10209754129623847.jpeg,"[0, 1, 0, 0]"
Dataset\project\duanbatdongsan_pj5385_2.jpg,"[0, 0, 0, 1]"
Dataset\investor\rever_bao-son_0.jpg,"[1, 0, 0, 0]"
Dataset\investor\rever_hb-group_0.jpg,"[1, 0, 0, 0]"
Dataset\others\10219776504382393.jpeg,"[0, 1, 0, 0]"
Dataset\post\123nhadat_4320247_0.jpg,"[0, 0, 1, 0]"
Dataset\others\10205797216783722.jpeg,"[0, 1, 0, 0]"
Dataset\others\10200850127869591.jpeg,"[0, 1, 0, 0]"
Dataset\others\10200291848752962.jpeg,"[0, 1, 0, 0]"
Dataset\investor\rever_bitexco_0.jpg,"[1, 0, 0, 0]"
Dataset\project\duanbatdongsan_pj5388_2.jpg,"[0, 0, 0, 1]"
Dataset\investor\rever_phu-hoang-anh_0.jpg,"[1, 0, 0, 0]"
Dataset\project\duanbatdongsan_pj5387_11.jpg,"[0, 0, 0, 1]"
Dataset\investor\rever_viglacera_0.jpg,"[1, 0, 0, 0]"
Dataset\post\123nhadat_4322017_3.jpg,"[0, 0, 1, 0]"
Dataset\post\123nhadat_4322345_2.jpg,"[0, 0, 1, 0]"
Dataset\others\10153211480622429.jpeg,"[0, 1, 0, 0]"
Dataset\project\duanbatdongsan_pj5393_5.jpg,"[0, 0, 0, 1]"
Dataset\post\123nhadat_4320192_4.jpg,"[0, 0, 1, 0]"
Dataset\project\duanbatdongsan_pj5378_3.jpg,"[0, 0, 0, 1]"
Dataset\project\duanbatdongsan_pj5382_2.jpg,"[0, 0, 0, 1]"
Dataset\investor\rever_dic-corp_0.jpg,"[1, 0, 0, 0]"
Dataset\others\10200846588861118.jpeg,"[0, 1, 0, 0]"
Dataset\project\duanbatdongsan_pj5392_1.jpg,"[0, 0, 0, 1]"
Dataset\others\10200774040887464.jpeg,"[0, 1, 0, 0]"
Dataset\others\10200767669008171.jpeg,"[0, 1, 0, 0]"
Dataset\project\duanbatdongsan_pj5390_11.jpg,"[0, 0, 0, 1]"
Dataset\post\123nhadat_4322366_3.jpg,"[0, 0, 1, 0]"
Dataset\post\123nhadat_4321333_1.jpg,"[0, 0, 1, 0]"
Dataset\others\4083561441482.jpeg,"[0, 1, 0, 0]"
Dataset\project\duanbatdongsan_pj5377_2.jpg,"[0, 0, 0, 1]"
Dataset\investor\rever_ttc-land_0.jpg,"[1, 0, 0, 0]"
Dataset\post\123nhadat_4320182_0.jpg,"[0, 0, 1, 0]"
Dataset\post\123nhadat_4321686_3.jpg,"[0, 0, 1, 0]"
Dataset\investor\rever_hdtc-2_0.jpg,"[1, 0, 0, 0]"
Dataset\project\duanbatdongsan_pj5391_0.jpg,"[0, 0, 0, 1]"
Dataset\project\duanbatdongsan_pj5389_6.jpg,"[0, 0, 0, 1]"
Dataset\post\123nhadat_4321333_2.jpg,"[0, 0, 1, 0]"
Dataset\others\1159989874020.jpeg,"[0, 1, 0, 0]"
Dataset\investor\rever_daewon_0.jpg,"[1, 0, 0, 0]"
Dataset\project\123nhadat_4322360_0.jpg,"[0, 0, 0, 1]"
Dataset\others\1595749263863423.jpeg,"[0, 1, 0, 0]"
Dataset\others\10153211471322429.jpeg,"[0, 1, 0, 0]"
Dataset\post\123nhadat_4320192_0.jpg,"[0, 0, 1, 0]"
Dataset\post\123nhadat_4320129_8.jpg,"[0, 0, 1, 0]"
Dataset\others\1202484549856565.jpeg,"[0, 1, 0, 0]"
Dataset\others\3532066734459.jpeg,"[0, 1, 0, 0]"
Dataset\project\duanbatdongsan_pj5371_3.jpg,"[0, 0, 0, 1]"
Dataset\others\10205797214303660.jpeg,"[0, 1, 0, 0]"
Dataset\post\123nhadat_4322344_2.jpg,"[0, 0, 1, 0]"
Dataset\investor\rever_tai-nguyen_0.jpg,"[1, 0, 0, 0]"
Dataset\others\10210174922108837.jpeg,"[0, 1, 0, 0]"
Dataset\others\10200774020886964.jpeg,"[0, 1, 0, 0]"
Dataset\others\10150288589790397.jpeg,"[0, 1, 0, 0]"
Dataset\others\10210366240491677.jpeg,"[0, 1, 0, 0]"
Dataset\investor\rever_dia-oc-sacom_0.jpg,"[1, 0, 0, 0]"
Dataset\others\10205797272745121.jpeg,"[0, 1, 0, 0]"
Dataset\post\123nhadat_4313490_6.jpg,"[0, 0, 1, 0]"
Dataset\investor\rever_pau-jar-group-2_0.jpg,"[1, 0, 0, 0]"
Dataset\investor\rever_276-ngoc-long_0.jpg,"[1, 0, 0, 0]"
Dataset\investor\rever_refico_0.jpg,"[1, 0, 0, 0]"
Dataset\others\1015112815260407.jpeg,"[0, 1, 0, 0]"
Dataset\investor\rever_ky-thuat-xay-dung-phu-nhuan_0.jpg,"[1, 0, 0, 0]"
Dataset\project\duanbatdongsan_pj5389_5.jpg,"[0, 0, 0, 1]"
Dataset\investor\rever_cp-dau-tu-phat-trien-gia-dinh-gdi_0.jpg,"[1, 0, 0, 0]"
Dataset\others\10200846632782216.jpeg,"[0, 1, 0, 0]"
Dataset\post\123nhadat_4320973_1.jpg,"[0, 0, 1, 0]"
Dataset\investor\rever_bac-trung-nam_0.jpg,"[1, 0, 0, 0]"
Dataset\others\1281090735329279.jpeg,"[0, 1, 0, 0]"
Dataset\others\1339723512799334.jpeg,"[0, 1, 0, 0]"
Dataset\post\123nhadat_4321686_0.jpg,"[0, 0, 1, 0]"
Dataset\project\duanbatdongsan_pj5376_1.jpg,"[0, 0, 0, 1]"
Dataset\investor\rever_vietcomreal-2_0.jpg,"[1, 0, 0, 0]"
Dataset\post\123nhadat_4320211_2.jpg,"[0, 0, 1, 0]"
Dataset\post\123nhadat_4316535_2.jpg,"[0, 0, 1, 0]"
Dataset\post\123nhadat_4310403_1.jpg,"[0, 0, 1, 0]"
Dataset\investor\rever_dat-xanh-group_0.jpg,"[1, 0, 0, 0]"
Dataset\project\duanbatdongsan_pj5385_0.jpg,"[0, 0, 0, 1]"
Dataset\investor\rever_xay-dung-cong-trinh-557_0.jpg,"[1, 0, 0, 0]"
Dataset\investor\rever_indochina-land_0.jpg,"[1, 0, 0, 0]"
Dataset\investor\rever_dia-oc-khang-an_0.jpg,"[1, 0, 0, 0]"
Dataset\others\10217488271137992.jpeg,"[0, 1, 0, 0]"
Dataset\post\123nhadat_4320973_4.jpg,"[0, 0, 1, 0]"
Dataset\investor\rever_camland_0.jpg,"[1, 0, 0, 0]"
Dataset\post\123nhadat_4320403_1.jpg,"[0, 0, 1, 0]"
Dataset\others\1551442351627448.jpeg,"[0, 1, 0, 0]"
Dataset\post\123nhadat_4322346_2.jpg,"[0, 0, 1, 0]"
Dataset\project\duanbatdongsan_pj5369_9.jpg,"[0, 0, 0, 1]"
Dataset\investor\rever_screc_0.jpg,"[1, 0, 0, 0]"
Dataset\project\duanbatdongsan_pj5399_7.jpg,"[0, 0, 0, 1]"
Dataset\project\duanbatdongsan_pj5387_10.jpg,"[0, 0, 0, 1]"
Dataset\project\duanbatdongsan_pj5399_6.jpg,"[0, 0, 0, 1]"
Dataset\others\10209481503753368.jpeg,"[0, 1, 0, 0]"
Dataset\project\duanbatdongsan_pj5392_3.jpg,"[0, 0, 0, 1]"
Dataset\investor\rever_pau-jar-group_0.jpg,"[1, 0, 0, 0]"
Dataset\others\10156430923445397.jpeg,"[0, 1, 0, 0]"
Dataset\others\569052263215675.jpeg,"[0, 1, 0, 0]"
Dataset\others\832938100144547.jpeg,"[0, 1, 0, 0]"
Dataset\investor\rever_dia-oc-quang-thai_0.jpg,"[1, 0, 0, 0]"
Dataset\project\duanbatdongsan_pj5396_2.jpg,"[0, 0, 0, 1]"
Dataset\others\1609435959161420.jpeg,"[0, 1, 0, 0]"
Dataset\post\123nhadat_4320973_3.jpg,"[0, 0, 1, 0]"
Dataset\investor\rever_anpha-holdings_0.jpg,"[1, 0, 0, 0]"
Dataset\post\123nhadat_4321799_1.jpg,"[0, 0, 1, 0]"
Dataset\others\373594196080942.jpeg,"[0, 1, 0, 0]"
Dataset\investor\rever_cong-ty-quan-ly-phat-trien-nha-quan-2_0.jpg,"[1, 0, 0, 0]"
Dataset\post\123nhadat_4322010_1.jpg,"[0, 0, 1, 0]"
Dataset\project\duanbatdongsan_pj5380_2.jpg,"[0, 0, 0, 1]"
Dataset\others\10200850153110222.jpeg,"[0, 1, 0, 0]"
Dataset\others\1202647523173601.jpeg,"[0, 1, 0, 0]"
Dataset\others\1994539033984442.jpeg,"[0, 1, 0, 0]"
Dataset\others\1614769698643921.jpeg,"[0, 1, 0, 0]"
Dataset\project\duanbatdongsan_pj5377_5.jpg,"[0, 0, 0, 1]"
Dataset\post\123nhadat_4310483_2.jpg,"[0, 0, 1, 0]"
Dataset\investor\rever_saigonres_0.jpg,"[1, 0, 0, 0]"
Dataset\post\123nhadat_4320411_1.jpg,"[0, 0, 1, 0]"
Dataset\investor\rever_ssg-van-thanh_0.jpg,"[1, 0, 0, 0]"
Dataset\others\10200850278873366.jpeg,"[0, 1, 0, 0]"
Dataset\others\10205797243864399.jpeg,"[0, 1, 0, 0]"
Dataset\others\10153543622096645.jpeg,"[0, 1, 0, 0]"
Dataset\investor\rever_pumyang-descon_0.jpg,"[1, 0, 0, 0]"
Dataset\project\duanbatdongsan_pj5385_4.jpg,"[0, 0, 0, 1]"
Dataset\post\123nhadat_4322360_2.jpg,"[0, 0, 1, 0]"
Dataset\others\1314465418658477.jpeg,"[0, 1, 0, 0]"
Dataset\project\duanbatdongsan_pj5369_5.jpg,"[0, 0, 0, 1]"
Dataset\investor\rever_hung-ngan_0.jpg,"[1, 0, 0, 0]"
Dataset\project\duanbatdongsan_pj5389_1.jpg,"[0, 0, 0, 1]"
Dataset\others\1179258325512521.jpeg,"[0, 1, 0, 0]"
Dataset\post\123nhadat_4313058_2.jpg,"[0, 0, 1, 0]"
Dataset\others\857024264402597.jpeg,"[0, 1, 0, 0]"
Dataset\others\10218624128253710.jpeg,"[0, 1, 0, 0]"
Dataset\others\976140769173487.jpeg,"[0, 1, 0, 0]"
Dataset\investor\rever_thien-phuc-dien_0.jpg,"[1, 0, 0, 0]"
Dataset\others\1318039958316898.jpeg,"[0, 1, 0, 0]"
Dataset\investor\rever_mappletree_0.jpg,"[1, 0, 0, 0]"
Dataset\others\1318559498249069.jpeg,"[0, 1, 0, 0]"
Dataset\post\123nhadat_4314465_0.jpg,"[0, 0, 1, 0]"
Dataset\others\10200291860873265.jpeg,"[0, 1, 0, 0]"
Dataset\project\duanbatdongsan_pj5371_10.jpg,"[0, 0, 0, 1]"
Dataset\post\123nhadat_4320129_2.jpg,"[0, 0, 1, 0]"
Dataset\others\10215052520886237.jpeg,"[0, 1, 0, 0]"
Dataset\investor\rever_mhdi_0.jpg,"[1, 0, 0, 0]"
Dataset\others\1108385442599810.jpeg,"[0, 1, 0, 0]"
Dataset\others\10211820384684373.jpeg,"[0, 1, 0, 0]"
Dataset\others\10215130327910885.jpeg,"[0, 1, 0, 0]"
Dataset\others\308379200396.jpeg,"[0, 1, 0, 0]"
Dataset\investor\rever_resco_0.jpg,"[1, 0, 0, 0]"
Dataset\others\826021587502865.jpeg,"[0, 1, 0, 0]"
Dataset\others\10153104384472401.jpeg,"[0, 1, 0, 0]"
Dataset\others\992698010851096.jpeg,"[0, 1, 0, 0]"
Dataset\project\duanbatdongsan_pj5391_1.jpg,"[0, 0, 0, 1]"
Dataset\post\123nhadat_4312651_2.jpg,"[0, 0, 1, 0]"
Dataset\post\123nhadat_4313430_1.jpg,"[0, 0, 1, 0]"
Dataset\others\274975665396.jpeg,"[0, 1, 0, 0]"
Dataset\post\123nhadat_4314370_3.jpg,"[0, 0, 1, 0]"
Dataset\investor\rever_ricons_0.jpg,"[1, 0, 0, 0]"
Dataset\project\duanbatdongsan_pj5382_0.jpg,"[0, 0, 0, 1]"
Dataset\others\994036524050578.jpeg,"[0, 1, 0, 0]"
Dataset\others\4501452347920.jpeg,"[0, 1, 0, 0]"
Dataset\investor\rever_tien-phuoc_0.jpg,"[1, 0, 0, 0]"
Dataset\others\10217597970560409.jpeg,"[0, 1, 0, 0]"
Dataset\investor\rever_tran-thai_0.jpg,"[1, 0, 0, 0]"
Dataset\investor\rever_pjk-one_0.jpg,"[1, 0, 0, 0]"
Dataset\investor\rever_saigonhouse_0.jpg,"[1, 0, 0, 0]"
Dataset\investor\rever_hung-loc-phat-2_0.jpg,"[1, 0, 0, 0]"
Dataset\others\1147041172067570.jpeg,"[0, 1, 0, 0]"
Dataset\project\duanbatdongsan_pj5397_0.jpg,"[0, 0, 0, 1]"
Dataset\investor\rever_ctk-group_0.jpg,"[1, 0, 0, 0]"
Dataset\others\653571721414520.jpeg,"[0, 1, 0, 0]"
Dataset\others\3744253999008.jpeg,"[0, 1, 0, 0]"
Dataset\others\870916526346704.jpeg,"[0, 1, 0, 0]"
Dataset\post\123nhadat_4322168_7.jpg,"[0, 0, 1, 0]"
Dataset\investor\rever_cong-ty-cp-dau-tu-dat-phuoc_0.jpg,"[1, 0, 0, 0]"
Dataset\project\duanbatdongsan_pj5371_0.jpg,"[0, 0, 0, 1]"
Dataset\post\123nhadat_4313490_10.jpg,"[0, 0, 1, 0]"
Dataset\post\123nhadat_4320129_11.jpg,"[0, 0, 1, 0]"
Dataset\others\1549811418457208.jpeg,"[0, 1, 0, 0]"
Dataset\post\123nhadat_4322343_3.jpg,"[0, 0, 1, 0]"
Dataset\post\123nhadat_4321686_5.jpg,"[0, 0, 1, 0]"
Dataset\others\10200850010386654.jpeg,"[0, 1, 0, 0]"
Dataset\post\123nhadat_4322050_2.jpg,"[0, 0, 1, 0]"
Dataset\project\duanbatdongsan_pj5392_0.jpg,"[0, 0, 0, 1]"
Dataset\others\1655574791214203.jpeg,"[0, 1, 0, 0]"
Dataset\others\703007999820100.jpeg,"[0, 1, 0, 0]"
Dataset\investor\rever_trung-thuy-group_0.jpg,"[1, 0, 0, 0]"
Dataset\project\duanbatdongsan_pj5386_2.jpg,"[0, 0, 0, 1]"
Dataset\others\1170740863030934.jpeg,"[0, 1, 0, 0]"
Dataset\project\duanbatdongsan_pj5399_3.jpg,"[0, 0, 0, 1]"
Dataset\project\duanbatdongsan_pj5373_7.jpg,"[0, 0, 0, 1]"
Dataset\investor\rever_sun-group_0.jpg,"[1, 0, 0, 0]"
Dataset\project\duanbatdongsan_pj5380_6.jpg,"[0, 0, 0, 1]"
Dataset\others\10213468996338634.jpeg,"[0, 1, 0, 0]"
Dataset\project\duanbatdongsan_pj5396_5.jpg,"[0, 0, 0, 1]"
Dataset\investor\rever_cong-ty-vlxd-va-xay-lap-thuong-mai-bmc_0.jpg,"[1, 0, 0, 0]"
Dataset\others\1027542197350802.jpeg,"[0, 1, 0, 0]"
Dataset\others\1626622539545.jpeg,"[0, 1, 0, 0]"
Dataset\project\duanbatdongsan_pj5373_5.jpg,"[0, 0, 0, 1]"
Dataset\project\duanbatdongsan_pj5398_0.jpg,"[0, 0, 0, 1]"
Dataset\project\duanbatdongsan_pj5399_0.jpg,"[0, 0, 0, 1]"
Dataset\project\duanbatdongsan_pj5370_5.jpg,"[0, 0, 0, 1]"
Dataset\investor\rever_c-t-group_0.jpg,"[1, 0, 0, 0]"
Dataset\investor\rever_thuan-viet_0.jpg,"[1, 0, 0, 0]"
Dataset\post\123nhadat_4311524_0.jpg,"[0, 0, 1, 0]"
Dataset\investor\rever_phu-gia_0.jpg,"[1, 0, 0, 0]"
Dataset\others\10200846646742565.jpeg,"[0, 1, 0, 0]"
Dataset\post\123nhadat_4313490_11.jpg,"[0, 0, 1, 0]"
Dataset\project\duanbatdongsan_pj5374_0.jpg,"[0, 0, 0, 1]"
Dataset\others\1247123302059356.jpeg,"[0, 1, 0, 0]"
Dataset\investor\rever_tran-anh-group_0.jpg,"[1, 0, 0, 0]"
Dataset\investor\rever_thao-dien-investment_0.jpg,"[1, 0, 0, 0]"
Dataset\post\123nhadat_4320411_2.jpg,"[0, 0, 1, 0]"
Dataset\post\123nhadat_4322340_1.jpg,"[0, 0, 1, 0]"
Dataset\project\duanbatdongsan_pj5370_6.jpg,"[0, 0, 0, 1]"
Dataset\project\duanbatdongsan_pj5389_10.jpg,"[0, 0, 0, 1]"
Dataset\investor\rever_gotec-viet-nam_0.jpg,"[1, 0, 0, 0]"
Dataset\others\737857843408400.jpeg,"[0, 1, 0, 0]"
Dataset\others\1629464787158537.jpeg,"[0, 1, 0, 0]"
Dataset\project\duanbatdongsan_pj5382_5.jpg,"[0, 0, 0, 1]"
Dataset\others\10200291864033344.jpeg,"[0, 1, 0, 0]"
Dataset\project\duanbatdongsan_pj5369_4.jpg,"[0, 0, 0, 1]"
Dataset\post\123nhadat_4322342_3.jpg,"[0, 0, 1, 0]"
Dataset\others\10212300859330498.jpeg,"[0, 1, 0, 0]"
Dataset\project\duanbatdongsan_pj5371_5.jpg,"[0, 0, 0, 1]"
Dataset\project\duanbatdongsan_pj5384_8.jpg,"[0, 0, 0, 1]"
Dataset\others\10157906724125397.jpeg,"[0, 1, 0, 0]"
Dataset\project\duanbatdongsan_pj5387_6.jpg,"[0, 0, 0, 1]"
Dataset\project\duanbatdongsan_pj5399_8.jpg,"[0, 0, 0, 1]"
Dataset\others\976140159173548.jpeg,"[0, 1, 0, 0]"
Dataset\others\1162088957229458.jpeg,"[0, 1, 0, 0]"
Dataset\project\duanbatdongsan_pj5370_0.jpg,"[0, 0, 0, 1]"
Dataset\post\123nhadat_4322341_1.jpg,"[0, 0, 1, 0]"
Dataset\investor\rever_hoa-sen-group_0.jpg,"[1, 0, 0, 0]"
Dataset\others\1188427134595640.jpeg,"[0, 1, 0, 0]"
Dataset\post\123nhadat_4322216_5.jpg,"[0, 0, 1, 0]"
Dataset\project\duanbatdongsan_pj5396_4.jpg,"[0, 0, 0, 1]"
Dataset\post\123nhadat_4321182_0.jpg,"[0, 0, 1, 0]"
Dataset\project\duanbatdongsan_pj5377_10.jpg,"[0, 0, 0, 1]"
Dataset\post\123nhadat_4320211_1.jpg,"[0, 0, 1, 0]"
Dataset\others\1561409037297446.jpeg,"[0, 1, 0, 0]"
Dataset\others\625835524188140.jpeg,"[0, 1, 0, 0]"
Dataset\project\duanbatdongsan_pj5393_0.jpg,"[0, 0, 0, 1]"
Dataset\investor\rever_tien-phat_0.jpg,"[1, 0, 0, 0]"
Dataset\others\4900113274194.jpeg,"[0, 1, 0, 0]"
Dataset\post\123nhadat_4320192_1.jpg,"[0, 0, 1, 0]"
Dataset\post\123nhadat_4322345_1.jpg,"[0, 0, 1, 0]"
Dataset\project\duanbatdongsan_pj5378_4.jpg,"[0, 0, 0, 1]"
Dataset\others\1274286572676362.jpeg,"[0, 1, 0, 0]"
Dataset\investor\rever_sunshine-2_0.jpg,"[1, 0, 0, 0]"
Dataset\project\duanbatdongsan_pj5384_7.jpg,"[0, 0, 0, 1]"
Dataset\others\10200291843152822.jpeg,"[0, 1, 0, 0]"
Dataset\project\duanbatdongsan_pj5390_8.jpg,"[0, 0, 0, 1]"
Dataset\investor\rever_hoang-anh-sai-gon_0.jpg,"[1, 0, 0, 0]"
Dataset\others\1006251902813165.jpeg,"[0, 1, 0, 0]"
Dataset\project\duanbatdongsan_pj5370_2.jpg,"[0, 0, 0, 1]"
Dataset\others\1302212276550458.jpeg,"[0, 1, 0, 0]"
Dataset\post\123nhadat_4321622_2.jpg,"[0, 0, 1, 0]"
Dataset\post\123nhadat_4322168_4.jpg,"[0, 0, 1, 0]"
Dataset\others\10200291809191973.jpeg,"[0, 1, 0, 0]"
Dataset\project\duanbatdongsan_pj5384_0.jpg,"[0, 0, 0, 1]"
Dataset\others\3775551581428.jpeg,"[0, 1, 0, 0]"
Dataset\post\123nhadat_4316308_0.jpg,"[0, 0, 1, 0]"
Dataset\project\duanbatdongsan_pj5396_1.jpg,"[0, 0, 0, 1]"
Dataset\investor\rever_khang-dien_0.jpg,"[1, 0, 0, 0]"
Dataset\others\10200808846677587.jpeg,"[0, 1, 0, 0]"
Dataset\others\1163764640411098.jpeg,"[0, 1, 0, 0]"
Dataset\project\duanbatdongsan_pj5399_5.jpg,"[0, 0, 0, 1]"
Dataset\project\duanbatdongsan_pj5388_7.jpg,"[0, 0, 0, 1]"
Dataset\investor\rever_tan-truong_0.jpg,"[1, 0, 0, 0]"
Dataset\project\duanbatdongsan_pj5385_5.jpg,"[0, 0, 0, 1]"
Dataset\others\1304686896302996.jpeg,"[0, 1, 0, 0]"
Dataset\post\123nhadat_4320129_5.jpg,"[0, 0, 1, 0]"
Dataset\others\10209704925839224.jpeg,"[0, 1, 0, 0]"
Dataset\project\duanbatdongsan_pj5377_4.jpg,"[0, 0, 0, 1]"
Dataset\investor\rever_gamuda-land_0.jpg,"[1, 0, 0, 0]"
Dataset\project\duanbatdongsan_pj5395_5.jpg,"[0, 0, 0, 1]"
Dataset\post\123nhadat_4316493_2.jpg,"[0, 0, 1, 0]"
Dataset\project\duanbatdongsan_pj5388_3.jpg,"[0, 0, 0, 1]"
Dataset\post\123nhadat_4322168_0.jpg,"[0, 0, 1, 0]"
Dataset\investor\rever_long-an-delta_0.jpg,"[1, 0, 0, 0]"
Dataset\project\duanbatdongsan_pj5383_6.jpg,"[0, 0, 0, 1]"
Dataset\post\123nhadat_4320182_3.jpg,"[0, 0, 1, 0]"
Dataset\project\duanbatdongsan_pj5387_7.jpg,"[0, 0, 0, 1]"
Dataset\post\123nhadat_4313048_2.jpg,"[0, 0, 1, 0]"
Dataset\others\3744256719076.jpeg,"[0, 1, 0, 0]"
Dataset\post\123nhadat_4322342_0.jpg,"[0, 0, 1, 0]"
Dataset\others\1137273329711021.jpeg,"[0, 1, 0, 0]"
Dataset\investor\rever_song-da-idc_0.jpg,"[1, 0, 0, 0]"
Dataset\post\123nhadat_4322341_2.jpg,"[0, 0, 1, 0]"
Dataset\others\1538467429591607.jpeg,"[0, 1, 0, 0]"
Dataset\others\10203561050400960.jpeg,"[0, 1, 0, 0]"
Dataset\others\1686154534822895.jpeg,"[0, 1, 0, 0]"
Dataset\investor\rever_thai-bao-group_0.jpg,"[1, 0, 0, 0]"
Dataset\investor\rever_creed_0.jpg,"[1, 0, 0, 0]"
Dataset\post\123nhadat_4322348_0.jpg,"[0, 0, 1, 0]"
Dataset\others\10200291850112996.jpeg,"[0, 1, 0, 0]"
Dataset\investor\rever_ide-viet-nam_0.jpg,"[1, 0, 0, 0]"
Dataset\others\1255023474602672.jpeg,"[0, 1, 0, 0]"
Dataset\investor\rever_bat-dong-san-phuong-trang_0.jpg,"[1, 0, 0, 0]"
Dataset\project\duanbatdongsan_pj5373_6.jpg,"[0, 0, 0, 1]"
Dataset\project\duanbatdongsan_pj5381_4.jpg,"[0, 0, 0, 1]"
Dataset\project\duanbatdongsan_pj5386_9.jpg,"[0, 0, 0, 1]"
Dataset\investor\rever_dien-phuc-thanh_0.jpg,"[1, 0, 0, 0]"
Dataset\others\1686153334823015.jpeg,"[0, 1, 0, 0]"
Dataset\post\123nhadat_4313048_1.jpg,"[0, 0, 1, 0]"
Dataset\investor\rever_dia-oc-danh-khoi_0.jpg,"[1, 0, 0, 0]"
Dataset\post\123nhadat_4317672_3.jpg,"[0, 0, 1, 0]"
Dataset\post\123nhadat_4322344_0.jpg,"[0, 0, 1, 0]"
Dataset\project\duanbatdongsan_pj5384_3.jpg,"[0, 0, 0, 1]"
Dataset\investor\rever_cinco_0.jpg,"[1, 0, 0, 0]"
Dataset\others\1582011428570540.jpeg,"[0, 1, 0, 0]"
Dataset\others\1726234254148256.jpeg,"[0, 1, 0, 0]"
Dataset\others\10214377131481445.jpeg,"[0, 1, 0, 0]"
Dataset\others\10213958488376352.jpeg,"[0, 1, 0, 0]"
Dataset\post\123nhadat_4320129_1.jpg,"[0, 0, 1, 0]"
Dataset\investor\rever_xay-dung-sai-gon-sgcc_0.jpg,"[1, 0, 0, 0]"
Dataset\others\1626616339390.jpeg,"[0, 1, 0, 0]"
Dataset\others\10218638523093572.jpeg,"[0, 1, 0, 0]"
Dataset\post\123nhadat_4322346_3.jpg,"[0, 0, 1, 0]"
Dataset\investor\rever_resco7_0.jpg,"[1, 0, 0, 0]"
Dataset\investor\rever_hagl-group_0.jpg,"[1, 0, 0, 0]"
Dataset\investor\rever_nam-tien_0.jpg,"[1, 0, 0, 0]"
Dataset\investor\rever_thuy-loi-4a_0.jpg,"[1, 0, 0, 0]"
Dataset\project\duanbatdongsan_pj5392_2.jpg,"[0, 0, 0, 1]"
Dataset\others\10150571662130397.jpeg,"[0, 1, 0, 0]"
Dataset\investor\rever_cong-ty-cp-nha-quoc-gia-n-h-o_0.jpg,"[1, 0, 0, 0]"
Dataset\project\duanbatdongsan_pj5377_12.jpg,"[0, 0, 0, 1]"
Dataset\project\duanbatdongsan_pj5380_1.jpg,"[0, 0, 0, 1]"
Dataset\post\123nhadat_4315585_4.jpg,"[0, 0, 1, 0]"
Dataset\others\10156359950077401.jpeg,"[0, 1, 0, 0]"
Dataset\investor\rever_hung-thinh_0.jpg,"[1, 0, 0, 0]"
Dataset\investor\rever_song-da-an-nhan_0.jpg,"[1, 0, 0, 0]"
Dataset\others\10217400872787647.jpeg,"[0, 1, 0, 0]"
Dataset\investor\rever_idico_0.jpg,"[1, 0, 0, 0]"
Dataset\post\123nhadat_4322050_1.jpg,"[0, 0, 1, 0]"
Dataset\project\duanbatdongsan_pj5374_4.jpg,"[0, 0, 0, 1]"
Dataset\post\123nhadat_4317672_4.jpg,"[0, 0, 1, 0]"
Dataset\project\duanbatdongsan_pj5369_3.jpg,"[0, 0, 0, 1]"
Dataset\investor\rever_tan-thinh-loi_0.jpg,"[1, 0, 0, 0]"
Dataset\others\1597444290107.jpeg,"[0, 1, 0, 0]"
Dataset\investor\rever_bat-dong-san-e-xim_0.jpg,"[1, 0, 0, 0]"
Dataset\post\123nhadat_4316535_8.jpg,"[0, 0, 1, 0]"
Dataset\investor\rever_long-thinh-phat_0.jpg,"[1, 0, 0, 0]"
Dataset\others\2390357207751829.jpeg,"[0, 1, 0, 0]"
Dataset\others\10200846560500409.jpeg,"[0, 1, 0, 0]"
Dataset\project\duanbatdongsan_pj5374_3.jpg,"[0, 0, 0, 1]"
Dataset\investor\rever_dat-gia_0.jpg,"[1, 0, 0, 0]"
Dataset\post\123nhadat_4322168_3.jpg,"[0, 0, 1, 0]"
Dataset\project\duanbatdongsan_pj5378_0.jpg,"[0, 0, 0, 1]"
Dataset\others\10200846533939745.jpeg,"[0, 1, 0, 0]"
Dataset\others\4083350556210.jpeg,"[0, 1, 0, 0]"
Dataset\project\duanbatdongsan_pj5386_4.jpg,"[0, 0, 0, 1]"
Dataset\others\10200850237872341.jpeg,"[0, 1, 0, 0]"
Dataset\project\duanbatdongsan_pj5378_1.jpg,"[0, 0, 0, 1]"
Dataset\post\123nhadat_4320129_4.jpg,"[0, 0, 1, 0]"
Dataset\post\123nhadat_4322315_2.jpg,"[0, 0, 1, 0]"
Dataset\post\123nhadat_4321333_4.jpg,"[0, 0, 1, 0]"
Dataset\others\1318041661650061.jpeg,"[0, 1, 0, 0]"
Dataset\others\10156175301360883.jpeg,"[0, 1, 0, 0]"
Dataset\investor\rever_itaco_0.jpg,"[1, 0, 0, 0]"
Dataset\post\123nhadat_4321557_2.jpg,"[0, 0, 1, 0]"
Dataset\project\duanbatdongsan_pj5381_3.jpg,"[0, 0, 0, 1]"
Dataset\post\123nhadat_4322216_8.jpg,"[0, 0, 1, 0]"
Dataset\investor\rever_upgc_0.jpg,"[1, 0, 0, 0]"
Dataset\investor\rever_cotecland_0.jpg,"[1, 0, 0, 0]"
Dataset\post\123nhadat_4322345_3.jpg,"[0, 0, 1, 0]"
Dataset\others\853735234747375.jpeg,"[0, 1, 0, 0]"
Dataset\others\1597732056998477.jpeg,"[0, 1, 0, 0]"
Dataset\investor\rever_hiep-phu_0.jpg,"[1, 0, 0, 0]"
Dataset\others\439636016219647.jpeg,"[0, 1, 0, 0]"
Dataset\investor\rever_nam-phong-group_0.jpg,"[1, 0, 0, 0]"
Dataset\others\274975690396.jpeg,"[0, 1, 0, 0]"
Dataset\others\10212299389732308.jpeg,"[0, 1, 0, 0]"
Dataset\others\10215687010387599.jpeg,"[0, 1, 0, 0]"
Dataset\investor\rever_sic_0.jpg,"[1, 0, 0, 0]"
Dataset\others\1123679207737100.jpeg,"[0, 1, 0, 0]"
Dataset\others\1457258824379135.jpeg,"[0, 1, 0, 0]"
Dataset\project\duanbatdongsan_pj5389_14.jpg,"[0, 0, 0, 1]"
Dataset\post\123nhadat_4322168_2.jpg,"[0, 0, 1, 0]"
Dataset\others\3744263399243.jpeg,"[0, 1, 0, 0]"
Dataset\others\10200659625606580.jpeg,"[0, 1, 0, 0]"
Dataset\post\123nhadat_4321686_4.jpg,"[0, 0, 1, 0]"
Dataset\investor\rever_conic_0.jpg,"[1, 0, 0, 0]"
Dataset\others\1460901974014820.jpeg,"[0, 1, 0, 0]"
Dataset\others\1159991274055.jpeg,"[0, 1, 0, 0]"
Dataset\project\duanbatdongsan_pj5377_7.jpg,"[0, 0, 0, 1]"
Dataset\project\duanbatdongsan_pj5393_7.jpg,"[0, 0, 0, 1]"
Dataset\others\1471567609614923.jpeg,"[0, 1, 0, 0]"
Dataset\investor\rever_dia-oc-binh-thanh-resco_0.jpg,"[1, 0, 0, 0]"
Dataset\project\duanbatdongsan_pj5389_4.jpg,"[0, 0, 0, 1]"
Dataset\post\123nhadat_4322050_0.jpg,"[0, 0, 1, 0]"
Dataset\post\123nhadat_4320129_6.jpg,"[0, 0, 1, 0]"
Dataset\investor\rever_an-gia-investment_0.jpg,"[1, 0, 0, 0]"
Dataset\post\123nhadat_4316535_0.jpg,"[0, 0, 1, 0]"
Dataset\investor\rever_masterise-homes_0.jpg,"[1, 0, 0, 0]"
Dataset\project\duanbatdongsan_pj5371_6.jpg,"[0, 0, 0, 1]"
Dataset\project\duanbatdongsan_pj5369_6.jpg,"[0, 0, 0, 1]"
Dataset\others\920409524730737.jpeg,"[0, 1, 0, 0]"
Dataset\investor\rever_cong-nghiep-cao-su-vn_0.jpg,"[1, 0, 0, 0]"
Dataset\project\duanbatdongsan_pj5392_5.jpg,"[0, 0, 0, 1]"
Dataset\investor\rever_viet-long_0.jpg,"[1, 0, 0, 0]"
Dataset\post\123nhadat_4321333_3.jpg,"[0, 0, 1, 0]"
Dataset\investor\rever_kim-kim-hoan-my_0.jpg,"[1, 0, 0, 0]"
Dataset\post\123nhadat_4322216_4.jpg,"[0, 0, 1, 0]"
Dataset\post\123nhadat_4321686_6.jpg,"[0, 0, 1, 0]"
Dataset\others\10219620124392991.jpeg,"[0, 1, 0, 0]"
Dataset\investor\rever_hai-thanh_0.jpg,"[1, 0, 0, 0]"
Dataset\post\123nhadat_4320408_1.jpg,"[0, 0, 1, 0]"
Dataset\project\duanbatdongsan_pj5377_6.jpg,"[0, 0, 0, 1]"
Dataset\others\758179587620399.jpeg,"[0, 1, 0, 0]"
Dataset\project\duanbatdongsan_pj5369_2.jpg,"[0, 0, 0, 1]"
Dataset\others\976140149173549.jpeg,"[0, 1, 0, 0]"
Dataset\investor\rever_denver_0.jpg,"[1, 0, 0, 0]"
Dataset\others\10215770843117924.jpeg,"[0, 1, 0, 0]"
Dataset\project\duanbatdongsan_pj5399_2.jpg,"[0, 0, 0, 1]"
Dataset\others\10214883919910839.jpeg,"[0, 1, 0, 0]"
Dataset\post\123nhadat_4314426_0.jpg,"[0, 0, 1, 0]"
Dataset\investor\rever_cho-lon-res_0.jpg,"[1, 0, 0, 0]"
Dataset\investor\rever_long-giang-land_0.jpg,"[1, 0, 0, 0]"
Dataset\others\10219941247660872.jpeg,"[0, 1, 0, 0]"
Dataset\post\123nhadat_4322351_0.jpg,"[0, 0, 1, 0]"
Dataset\others\10150234381315397.jpeg,"[0, 1, 0, 0]"
Dataset\others\921993271239029.jpeg,"[0, 1, 0, 0]"
Dataset\investor\rever_golden-land_0.jpg,"[1, 0, 0, 0]"
Dataset\project\duanbatdongsan_pj5377_8.jpg,"[0, 0, 0, 1]"
Dataset\project\duanbatdongsan_pj5389_3.jpg,"[0, 0, 0, 1]"
Dataset\post\123nhadat_4312651_1.jpg,"[0, 0, 1, 0]"
Dataset\others\10154835205075397.jpeg,"[0, 1, 0, 0]"
Dataset\others\10210282941003801.jpeg,"[0, 1, 0, 0]"
Dataset\others\971740266280204.jpeg,"[0, 1, 0, 0]"
Dataset\post\123nhadat_4322365_1.jpg,"[0, 0, 1, 0]"
Dataset\investor\rever_phu-son-thuan_0.jpg,"[1, 0, 0, 0]"
Dataset\investor\rever_thai-binh-duong_0.jpg,"[1, 0, 0, 0]"
Dataset\others\1839102209528126.jpeg,"[0, 1, 0, 0]"
Dataset\investor\rever_cong-ty-cpn-dau-tu-phu-cuong-pci_0.jpg,"[1, 0, 0, 0]"
Dataset\others\10203561058401160.jpeg,"[0, 1, 0, 0]"
Dataset\post\123nhadat_4316493_1.jpg,"[0, 0, 1, 0]"
Dataset\investor\rever_dia-oc-phuc-yen_0.jpg,"[1, 0, 0, 0]"
Dataset\project\duanbatdongsan_pj5372_2.jpg,"[0, 0, 0, 1]"
Dataset\others\10209456994281090.jpeg,"[0, 1, 0, 0]"
Dataset\post\123nhadat_4321799_0.jpg,"[0, 0, 1, 0]"
Dataset\project\duanbatdongsan_pj5390_1.jpg,"[0, 0, 0, 1]"
Dataset\others\1084915358280152.jpeg,"[0, 1, 0, 0]"
Dataset\investor\rever_tap-doan-muong-thanh_0.jpg,"[1, 0, 0, 0]"
Dataset\others\2907426138261.jpeg,"[0, 1, 0, 0]"
Dataset\project\duanbatdongsan_pj5386_5.jpg,"[0, 0, 0, 1]"
Dataset\post\123nhadat_4322340_3.jpg,"[0, 0, 1, 0]"
Dataset\project\duanbatdongsan_pj5369_8.jpg,"[0, 0, 0, 1]"
Dataset\investor\rever_gia-cu_0.jpg,"[1, 0, 0, 0]"
Dataset\others\3775581582178.jpeg,"[0, 1, 0, 0]"
Dataset\project\duanbatdongsan_pj5390_0.jpg,"[0, 0, 0, 1]"
Dataset\post\123nhadat_4321557_1.jpg,"[0, 0, 1, 0]"
Dataset\project\duanbatdongsan_pj5386_6.jpg,"[0, 0, 0, 1]"
Dataset\post\123nhadat_4321544_6.jpg,"[0, 0, 1, 0]"
Dataset\post\123nhadat_4321622_3.jpg,"[0, 0, 1, 0]"
Dataset\post\123nhadat_4316535_1.jpg,"[0, 0, 1, 0]"
Dataset\investor\rever_tan-hoang-thang-group_0.jpg,"[1, 0, 0, 0]"
Dataset\investor\rever_anh-tuan-group_0.jpg,"[1, 0, 0, 0]"
Dataset\post\123nhadat_4315792_0.jpg,"[0, 0, 1, 0]"
Dataset\project\duanbatdongsan_pj5388_6.jpg,"[0, 0, 0, 1]"
Dataset\post\123nhadat_4322216_6.jpg,"[0, 0, 1, 0]"
Dataset\investor\rever_phuoc-thanh_0.jpg,"[1, 0, 0, 0]"
Dataset\project\duanbatdongsan_pj5388_11.jpg,"[0, 0, 0, 1]"
Dataset\project\duanbatdongsan_pj5386_0.jpg,"[0, 0, 0, 1]"
Dataset\investor\rever_cp-dau-tu-nam-bay-bay_0.jpg,"[1, 0, 0, 0]"
Dataset\post\123nhadat_4322216_2.jpg,"[0, 0, 1, 0]"
Dataset\project\duanbatdongsan_pj5391_2.jpg,"[0, 0, 0, 1]"
Dataset\project\duanbatdongsan_pj5384_5.jpg,"[0, 0, 0, 1]"
Dataset\investor\rever_pvc-petroland_0.jpg,"[1, 0, 0, 0]"
Dataset\project\duanbatdongsan_pj5387_8.jpg,"[0, 0, 0, 1]"
Dataset\others\1162088967229457.jpeg,"[0, 1, 0, 0]"
Dataset\project\duanbatdongsan_pj5398_1.jpg,"[0, 0, 0, 1]"
Dataset\investor\rever_585_0.jpg,"[1, 0, 0, 0]"
Dataset\post\123nhadat_4320129_3.jpg,"[0, 0, 1, 0]"
Dataset\others\10214105452529641.jpeg,"[0, 1, 0, 0]"
Dataset\post\123nhadat_4322366_2.jpg,"[0, 0, 1, 0]"
Dataset\investor\rever_khahomex_0.jpg,"[1, 0, 0, 0]"
Dataset\project\duanbatdongsan_pj5384_12.jpg,"[0, 0, 0, 1]"
Dataset\project\duanbatdongsan_pj5396_6.jpg,"[0, 0, 0, 1]"
Dataset\investor\rever_gellexmco-mn_0.jpg,"[1, 0, 0, 0]"
Dataset\investor\rever_hkl_0.jpg,"[1, 0, 0, 0]"
Dataset\others\10200846686623562.jpeg,"[0, 1, 0, 0]"
Dataset\project\duanbatdongsan_pj5386_3.jpg,"[0, 0, 0, 1]"
Dataset\project\duanbatdongsan_pj5373_1.jpg,"[0, 0, 0, 1]"
Dataset\post\123nhadat_4321799_5.jpg,"[0, 0, 1, 0]"
Dataset\post\123nhadat_4316535_10.jpg,"[0, 0, 1, 0]"
Dataset\post\123nhadat_4316308_4.jpg,"[0, 0, 1, 0]"
Dataset\investor\rever_vcon-tan-truong_0.jpg,"[1, 0, 0, 0]"
Dataset\investor\rever_thanh-nhut_0.jpg,"[1, 0, 0, 0]"
Dataset\project\duanbatdongsan_pj5396_0.jpg,"[0, 0, 0, 1]"
Dataset\others\10209175007511597.jpeg,"[0, 1, 0, 0]"
Dataset\project\duanbatdongsan_pj5393_3.jpg,"[0, 0, 0, 1]"
Dataset\others\10200774038007392.jpeg,"[0, 1, 0, 0]"
Dataset\others\10203561068041401.jpeg,"[0, 1, 0, 0]"
Dataset\others\10208721540648317.jpeg,"[0, 1, 0, 0]"
Dataset\post\123nhadat_4321675_1.jpg,"[0, 0, 1, 0]"
Dataset\post\123nhadat_4317672_1.jpg,"[0, 0, 1, 0]"
Dataset\investor\rever_novaland_0.jpg,"[1, 0, 0, 0]"
Dataset\others\10205797282905375.jpeg,"[0, 1, 0, 0]"
Dataset\project\duanbatdongsan_pj5383_1.jpg,"[0, 0, 0, 1]"
Dataset\investor\rever_cty-may-diem-sai-gon-sgm_0.jpg,"[1, 0, 0, 0]"
Dataset\investor\rever_cowaelmic_0.jpg,"[1, 0, 0, 0]"
Dataset\project\duanbatdongsan_pj5386_11.jpg,"[0, 0, 0, 1]"
Dataset\others\10200846646902569.jpeg,"[0, 1, 0, 0]"
Dataset\project\duanbatdongsan_pj5390_9.jpg,"[0, 0, 0, 1]"
Dataset\post\123nhadat_4321622_7.jpg,"[0, 0, 1, 0]"
Dataset\project\duanbatdongsan_pj5381_0.jpg,"[0, 0, 0, 1]"
Dataset\post\123nhadat_4322341_0.jpg,"[0, 0, 1, 0]"
Dataset\others\1402510806520604.jpeg,"[0, 1, 0, 0]"
Dataset\post\123nhadat_4322365_2.jpg,"[0, 0, 1, 0]"
Dataset\investor\rever_investco-corporation_0.jpg,"[1, 0, 0, 0]"
Dataset\project\duanbatdongsan_pj5393_6.jpg,"[0, 0, 0, 1]"
Dataset\post\123nhadat_4314465_1.jpg,"[0, 0, 1, 0]"
Dataset\others\10200850179390879.jpeg,"[0, 1, 0, 0]"
Dataset\post\123nhadat_4322360_1.jpg,"[0, 0, 1, 0]"
Dataset\others\10200291846992918.jpeg,"[0, 1, 0, 0]"
Dataset\others\10200846674743265.jpeg,"[0, 1, 0, 0]"
Dataset\others\2066355970136081.jpeg,"[0, 1, 0, 0]"
Dataset\post\123nhadat_4322346_4.jpg,"[0, 0, 1, 0]"
Dataset\others\1166867913418229.jpeg,"[0, 1, 0, 0]"
Dataset\others\767712303349669.jpeg,"[0, 1, 0, 0]"
Dataset\project\duanbatdongsan_pj5389_8.jpg,"[0, 0, 0, 1]"
Dataset\investor\rever_an-duong-thao-dien_0.jpg,"[1, 0, 0, 0]"
Dataset\project\duanbatdongsan_pj5396_7.jpg,"[0, 0, 0, 1]"
Dataset\post\123nhadat_4320182_9.jpg,"[0, 0, 1, 0]"
Dataset\investor\rever_ssg_0.jpg,"[1, 0, 0, 0]"
Dataset\investor\rever_van-phuc-gia_0.jpg,"[1, 0, 0, 0]"
Dataset\others\4083517280378.jpeg,"[0, 1, 0, 0]"
Dataset\project\duanbatdongsan_pj5372_3.jpg,"[0, 0, 0, 1]"
Dataset\investor\rever_khang-gia_0.jpg,"[1, 0, 0, 0]"
Dataset\others\3496776877006480.jpeg,"[0, 1, 0, 0]"
Dataset\others\1011696578935364.jpeg,"[0, 1, 0, 0]"
Dataset\post\123nhadat_4315585_0.jpg,"[0, 0, 1, 0]"
Dataset\post\123nhadat_4316535_4.jpg,"[0, 0, 1, 0]"
Dataset\others\10200291810752012.jpeg,"[0, 1, 0, 0]"
Dataset\post\123nhadat_4322216_9.jpg,"[0, 0, 1, 0]"
Dataset\others\3775537821084.jpeg,"[0, 1, 0, 0]"
Dataset\investor\rever_five-star-group_0.jpg,"[1, 0, 0, 0]"
Dataset\investor\rever_dacin_0.jpg,"[1, 0, 0, 0]"
Dataset\post\123nhadat_4322373_0.jpg,"[0, 0, 1, 0]"
Dataset\others\10200846662542960.jpeg,"[0, 1, 0, 0]"
Dataset\post\123nhadat_4322017_1.jpg,"[0, 0, 1, 0]"
Dataset\others\1052359048202450.jpeg,"[0, 1, 0, 0]"
Dataset\post\123nhadat_4322216_10.jpg,"[0, 0, 1, 0]"
Dataset\project\duanbatdongsan_pj5374_7.jpg,"[0, 0, 0, 1]"
Dataset\others\1121160067989014.jpeg,"[0, 1, 0, 0]"
Dataset\others\10212778892999590.jpeg,"[0, 1, 0, 0]"
Dataset\project\duanbatdongsan_pj5391_4.jpg,"[0, 0, 0, 1]"
Dataset\others\10200773933204772.jpeg,"[0, 1, 0, 0]"
Dataset\project\duanbatdongsan_pj5387_4.jpg,"[0, 0, 0, 1]"
Dataset\others\1056020587836296.jpeg,"[0, 1, 0, 0]"
Dataset\project\duanbatdongsan_pj5395_8.jpg,"[0, 0, 0, 1]"
Dataset\post\123nhadat_4322366_0.jpg,"[0, 0, 1, 0]"
Dataset\investor\rever_van-phat-hung-corp_0.jpg,"[1, 0, 0, 0]"
Dataset\post\123nhadat_4322348_2.jpg,"[0, 0, 1, 0]"
Dataset\project\duanbatdongsan_pj5390_6.jpg,"[0, 0, 0, 1]"
Dataset\project\duanbatdongsan_pj5394_5.jpg,"[0, 0, 0, 1]"
Dataset\project\duanbatdongsan_pj5389_13.jpg,"[0, 0, 0, 1]"
Dataset\post\123nhadat_4322287_0.jpg,"[0, 0, 1, 0]"
Dataset\investor\rever_fideco_0.jpg,"[1, 0, 0, 0]"
Dataset\post\123nhadat_4321622_5.jpg,"[0, 0, 1, 0]"
Dataset\project\duanbatdongsan_pj5390_13.jpg,"[0, 0, 0, 1]"
Dataset\project\duanbatdongsan_pj5373_2.jpg,"[0, 0, 0, 1]"
Dataset\post\123nhadat_4322216_0.jpg,"[0, 0, 1, 0]"
Dataset\others\10200808862597985.jpeg,"[0, 1, 0, 0]"
Dataset\investor\rever_mik-group_0.jpg,"[1, 0, 0, 0]"
Dataset\project\duanbatdongsan_pj5392_4.jpg,"[0, 0, 0, 1]"
Dataset\others\10216032093614464.jpeg,"[0, 1, 0, 0]"
Dataset\investor\rever_capitaland_0.jpg,"[1, 0, 0, 0]"
Dataset\project\duanbatdongsan_pj5381_5.jpg,"[0, 0, 0, 1]"
Dataset\post\123nhadat_4320129_7.jpg,"[0, 0, 1, 0]"
Dataset\others\4083283794541.jpeg,"[0, 1, 0, 0]"
Dataset\investor\rever_sai-gon-5_0.jpg,"[1, 0, 0, 0]"
Dataset\project\duanbatdongsan_pj5372_6.jpg,"[0, 0, 0, 1]"
Dataset\project\duanbatdongsan_pj5398_5.jpg,"[0, 0, 0, 1]"
Dataset\others\10202135333458354.jpeg,"[0, 1, 0, 0]"
Dataset\investor\rever_minh-nguyen-long_0.jpg,"[1, 0, 0, 0]"
Dataset\investor\rever_an-phu-1_0.jpg,"[1, 0, 0, 0]"
Dataset\others\1099112993527055.jpeg,"[0, 1, 0, 0]"
Dataset\investor\rever_dia-oc-hung-phu_0.jpg,"[1, 0, 0, 0]"
Dataset\others\1106830886088599.jpeg,"[0, 1, 0, 0]"
Dataset\investor\rever_chuong-duong-corp_0.jpg,"[1, 0, 0, 0]"
Dataset\investor\rever_phu-long_0.jpg,"[1, 0, 0, 0]"
Dataset\post\123nhadat_4316535_7.jpg,"[0, 0, 1, 0]"
Dataset\investor\rever_scc_0.jpg,"[1, 0, 0, 0]"
Dataset\post\123nhadat_4314465_2.jpg,"[0, 0, 1, 0]"
Dataset\investor\rever_maeda-corporation_0.jpg,"[1, 0, 0, 0]"
Dataset\others\10200850233592234.jpeg,"[0, 1, 0, 0]"
Dataset\project\duanbatdongsan_pj5370_1.jpg,"[0, 0, 0, 1]"
Dataset\investor\rever_cong-ty-xay-lap-thuong-mai-2-acsc_0.jpg,"[1, 0, 0, 0]"
Dataset\others\1163767927077436.jpeg,"[0, 1, 0, 0]"
Dataset\project\duanbatdongsan_pj5376_3.jpg,"[0, 0, 0, 1]"
Dataset\others\10200846564740515.jpeg,"[0, 1, 0, 0]"
Dataset\others\10213958489736386.jpeg,"[0, 1, 0, 0]"
Dataset\post\123nhadat_4322287_2.jpg,"[0, 0, 1, 0]"
Dataset\post\123nhadat_4320211_0.jpg,"[0, 0, 1, 0]"
Dataset\investor\rever_lavenue_0.jpg,"[1, 0, 0, 0]"
Dataset\post\123nhadat_4322050_4.jpg,"[0, 0, 1, 0]"
Dataset\others\10209456982640799.jpeg,"[0, 1, 0, 0]"
Dataset\post\123nhadat_4316535_9.jpg,"[0, 0, 1, 0]"
Dataset\project\duanbatdongsan_pj5374_1.jpg,"[0, 0, 0, 1]"
Dataset\others\1146618528776501.jpeg,"[0, 1, 0, 0]"
Dataset\others\10215138186267339.jpeg,"[0, 1, 0, 0]"
Dataset\post\123nhadat_4311611_0.jpg,"[0, 0, 1, 0]"
Dataset\investor\rever_xuan-mai-sai-gon_0.jpg,"[1, 0, 0, 0]"
Dataset\project\duanbatdongsan_pj5371_4.jpg,"[0, 0, 0, 1]"
Dataset\post\123nhadat_4312785_2.jpg,"[0, 0, 1, 0]"
Dataset\others\10209097081643499.jpeg,"[0, 1, 0, 0]"
Dataset\investor\rever_an-dien_0.jpg,"[1, 0, 0, 0]"
Dataset\others\1551091338329216.jpeg,"[0, 1, 0, 0]"
Dataset\investor\rever_vinacapital_0.jpg,"[1, 0, 0, 0]"
Dataset\post\123nhadat_4322343_1.jpg,"[0, 0, 1, 0]"
Dataset\investor\rever_dia-oc-dat-lanh_0.jpg,"[1, 0, 0, 0]"
Dataset\post\123nhadat_4313490_1.jpg,"[0, 0, 1, 0]"
Dataset\post\123nhadat_4322017_0.jpg,"[0, 0, 1, 0]"
Dataset\others\819494454822245.jpeg,"[0, 1, 0, 0]"
Dataset\others\10214982482089614.jpeg,"[0, 1, 0, 0]"
Dataset\others\10217465827456914.jpeg,"[0, 1, 0, 0]"
Dataset\investor\rever_cong-ty-xd-tm-kd-dat-phuong-nam_0.jpg,"[1, 0, 0, 0]"
Dataset\post\123nhadat_4322287_4.jpg,"[0, 0, 1, 0]"
Dataset\others\10200846649182626.jpeg,"[0, 1, 0, 0]"
Dataset\others\10156600320763446.jpeg,"[0, 1, 0, 0]"
Dataset\investor\rever_intresco_0.jpg,"[1, 0, 0, 0]"
Dataset\investor\rever_dia-oc-dau-khi-pvl_0.jpg,"[1, 0, 0, 0]"
Dataset\post\123nhadat_4320129_0.jpg,"[0, 0, 1, 0]"
Dataset\others\10200300789736481.jpeg,"[0, 1, 0, 0]"
Dataset\project\duanbatdongsan_pj5384_11.jpg,"[0, 0, 0, 1]"
Dataset\project\duanbatdongsan_pj5377_11.jpg,"[0, 0, 0, 1]"
Dataset\others\752598234845201.jpeg,"[0, 1, 0, 0]"
Dataset\project\duanbatdongsan_pj5393_4.jpg,"[0, 0, 0, 1]"
Dataset\investor\rever_tong-cong-ty-tecco_0.jpg,"[1, 0, 0, 0]"
Dataset\others\1452349554870062.jpeg,"[0, 1, 0, 0]"
Dataset\others\1382766751828343.jpeg,"[0, 1, 0, 0]"
Dataset\others\563139993806902.jpeg,"[0, 1, 0, 0]"
Dataset\project\duanbatdongsan_pj5370_7.jpg,"[0, 0, 0, 1]"
Dataset\investor\rever_cong-ich-quan-4_0.jpg,"[1, 0, 0, 0]"
Dataset\investor\rever_nam-long_0.jpg,"[1, 0, 0, 0]"
Dataset\post\123nhadat_4320211_5.jpg,"[0, 0, 1, 0]"
Dataset\post\123nhadat_4322346_0.jpg,"[0, 0, 1, 0]"
Dataset\project\duanbatdongsan_pj5395_2.jpg,"[0, 0, 0, 1]"
Dataset\project\duanbatdongsan_pj5395_0.jpg,"[0, 0, 0, 1]"
Dataset\others\10200291847272925.jpeg,"[0, 1, 0, 0]"
Dataset\others\10200850158550358.jpeg,"[0, 1, 0, 0]"
Dataset\post\123nhadat_4321985_2.jpg,"[0, 0, 1, 0]"
Dataset\project\duanbatdongsan_pj5394_8.jpg,"[0, 0, 0, 1]"
Dataset\others\10215014889185468.jpeg,"[0, 1, 0, 0]"
Dataset\project\duanbatdongsan_pj5388_1.jpg,"[0, 0, 0, 1]"
Dataset\others\10200300789776482.jpeg,"[0, 1, 0, 0]"
Dataset\others\10219255373834455.jpeg,"[0, 1, 0, 0]"
Dataset\project\duanbatdongsan_pj5394_3.jpg,"[0, 0, 0, 1]"
Dataset\investor\rever_tan-thanh-do_0.jpg,"[1, 0, 0, 0]"
Dataset\others\10153721284885397.jpeg,"[0, 1, 0, 0]"
Dataset\others\3744275319541.jpeg,"[0, 1, 0, 0]"
Dataset\others\1012645588840463.jpeg,"[0, 1, 0, 0]"
Dataset\project\duanbatdongsan_pj5371_8.jpg,"[0, 0, 0, 1]"
